1 2 3 4 5 6 7	8 9 10 4 11	0
12 13 14 15	12 15 11 16	0
17 18 12 19 20 21 22 23 24	12 23 25 6 26 27 19	1
28 29 30 31 11	32 33 34 30 31	1
29 35 36 29	29 37 36 29	1
38 23 39 9 40	12 19 41 42 23 43 12 23 44 41 42 19	0
45 46 47 48 49 50 45 48 51 32 52 53 54	55 46 47 48 49 56 57 58 59	0
12 60 61 29	12 61 29	1
12 62 43 29 63 11	29 64 12 62 43 65 11 66	1
29 13 67 12 68 69 70 16	71 10 72 29 68 69 70	1
73 74 75 76	77 43 78 76	1
1 79 66	80 32 81 82 76	0
83 84 19 59 85 52 11	83 86 87 52 59	0
88 89 90 91 92 93	94 95 96 97 89 58 97	0
98 68 19 70	12 99 100	0
12 101 102 29 19 103 23 39 9 16	12 104 29 19 105 106 23 39 9 16	1
107 108 109 109 110 23 111 112	29 108 110 23 111 112	0
72 113 114 115 116 117 118	13 72 29 12 119 120 121 16	0
12 23 122 123 59	12 124 6 125	1
12 23 126 19 59 16	12 127 6 59 128 23	0
129 130 131 132	133 134 135 136 137 138	0
135 136 132 19 139 140 32 25 141	135 136 137 138 142 143 144 23 24	0
12 19 145 145 23 52 53	146 146 147 121 23 58	0
148 149 42 150	151 19 152 41 42 23 39 9	0
55 46 47 48 153 154 19 155 156 157	55 46 47 48 158 159 46 19 160 157	0
12 161 162 72 29 67 67	28 12 128 163 30 161 72 29 164	0
165 166 167 168 169 161 92 170 16	171 172 173 165 166 174 175	0
176 29 177 119	176 29 133 134 117 118 116 178 95 179 180 181	0
182 183	182 184 185	0
186 187 188 189 92 190 191 192 193 194	195 196 194	0
197 2 198 199 200 201 202 203 204	205 206 207 208 209 8 9 4	1
12 25 6 210 19	12 23 43 210 19	1
12 23 211 16	12 19 19 212 213 23 169 214 16	1
12 215 216 11	28 217 218 219	0
220 5 6 221 222 223 19 224	225 153 226 227 224	0
45 228 229 230 231	45 228 229 232 230 233	0
177 234 235 236 237	134 238 239 240	0
29 161 28 12 106 241	242 12 243 29 244 12 106 241	0
245 246 247 247 248	249 19 250 251 126 252	0
10 101 102 66	12 253 10 254 66	1
29 255 161 39 9	29 256 10 106 161 227 39 9	1
177 257 95 258	133 134 259 260 59 261	0
262 32 127 6 59	217 23 127 6 59	0
263 264 222 265 19 168 266 267	268 29 19 269 222	0
270 271 42 272 273	12 23 270 271 42 16	0
12 274 243 134 275 2 276	12 161 19 23 277 16	0
29 255 278	29 279 192 200 11 276	1
280 281 282 283 283 282 284 285 286	287 282 283 283 282 284 286 288	0
289 19 290 33	291 292	0
72 29 4 5 6 289 292	72 29 4 6 290 33	0
40 23 43	293 294 42 23 90 295	0
296 297 298	296 299	0
133 230 300 72 301 302 91	72 303 133 230 300	0
12 32 80 32 304 305 116 306	12 108 307 308 309 304 305 116 306	0
29 310 279 311 312 8 9 313 66	29 126 311 312 66 8 9 313	1
12 314 162 315 62 276	314 316 12 317	1
8 9 318 12	169 319 12 202 318	0
12 320 39 9 321	12 251 322 323 19 321	1
324 302 19 325	326 327 328	0
282 283 283 282 158 226 226 329 330 331 172 232 230 332 333 334 267	335 226 226 336 331 337 118 338 339	0
29 340 341 342 19 12 202 168	29 340 341 343 8 9 344	1
12 345 126 346	12 345 126 126 67	1
347 348 29 349 350 32 351 19 190 191 16	190 191 10 347 130 352 11	0
353 220 354 355 334 356	357 358 357 48 355 334 359 140	0
29 360 107 161 19	176 29 360 107 161 19	1
12 277 317 322 323 10	12 317 322 323 16	1
361 35 35 362 363 363	12 362 363 363	0
364 19 365 202 161	161 208 355 366	0
72 29 68 367 368 19 262 59	72 29 369 276	0
48 50 50 48 140 370 371 372 373 374 23 375 16 376	282 50 50 48 376 280 377 378 379 380	0
140 370 381 382 383 384 385	79 386 81 387 388 381 382 384 385 383 389 390 391	0
392 12 393 394 395	392 12 43 396 394 395	1
397 382 398 399	400 32 39 9 79	1
13 10 13 401 402	13 312 227 402 16	1
12 251 317 403 66	12 404 312 66	1
405 406 407 408 235 409 410 173 411 412 413 414 415 240 416 119 355 334 417 418	419 420 421 39 9 80 32 422 334	0
2 300 423	3 4 162 424	0
421 39 9 29 19 140 370 10 13 425 76 267	29 19 426 421 39 9 14 427 56	1
249 29 272 428 32 429 317	34 200 430	1
12 254 29 23 43 41 42 16	254 29 23 39 9 40 16	1
29 193 243 431 10 431 432 342	29 39 9 433 434 435	0
436 437 68 69 70	68 5 69 438 439 358 440 439 19 208 355 70	0
12 441 442 274 370 175 59	12 274 443	1
444 29 445 446 447 448 19 449	421 330 447 448 450 348 29 451 452	1
127 9 341 10 435	127 9 341 453 10 342	1
12 32 454 455 456 11 457 66	29 431 432 254 12 309 454 455 456 16	1
262 458 342	172 162 458 342	0
459 10 176 460 392 461 462 463 19 464 223	465 461 462 463 466 467 200 462 468	0
29 106 397 469 12 66	29 106 363 469 12	1
43 65 23 29 470 471 19	12 470 471 23 29 470 471 19 37 29 108 23 39 9 472 473	0
28 12 43 433 434 474 475	12 474 475 19 433 476 227 23 43 396	1
477 478 226 479 480 353	158 481 226 482 483 192 484 220 354	0
12 485 486 487 488 16	486 489 12 485 16	1
490 491 492 493 19 494 495	278 496 16 497 493	0
498 13 168 499 119 23 10 23 498	498 32	0
29 500 12 12 253 10 501	502 503 500 12 12 253 10 501	1
168 504 505 506	240 416 230 507 508 509 510	1
12 128 13 511	12 512 251 511	0
513 140 370 398 514	140 370 515 370 513	1
29 202 431 13 516 12	29 118 12 6 517 66	1
28 12 459 342 518 16	28 12 435 11 16	0
519 355 406 520 521 522 275	521 522 275 519 355 406 520	1
523 19 59 12 524 525	12 485 523 19 59	1
526 527 315 528 529 530	70 531 528 529 530 532	0
8 9 10 390 29 533 12	12 421 44 534 29	1
341 535 536 39 9	246 247 341 535 536 43	1
12 296 251 32 180	12 32 537 538 48 47 46 539 16	1
540 358 47 541 542 153 473 543 544 545	546 358 47 541 336 50 45 48 544 545	0
106 12 5 547 114	548 12 549	1
550 551 552 553 327 328 554 473	550 555 406	0
556 557 19 558	559 560 23 43	0
457 59 10 561 561 12 522	561 561 12 522	1
562 89 58 563 564	5 95 565 566	0
12 360 29 567 276	360 29 567	1
326 32 44 568 569 570 571 572 573	25 574 32 575 114 576	0
577 431 432 172 16	269 222 347 172 578 579 16	0
48 50 50 48 45 46 47 48	48 50 50 48 45 46 47 48 49	0
8 9 13 17 18 209 191	8 9 243 580 581 574 582 583 209 191	0
584 421 39 9 10 13 585 586 334 370 587 588	589 140 590 8 344 272 426 405 406	0
561 561 107 108 19 307 591 592 19 101 102 11	593 29 592 19 101 102 11	0
126 59 594 123 59 12 595 29 23	12 595 29 23 596 453 23 597	1
29 128 106 598 599 600 29 444 127 9 601	602 29 215 601 11	0
23 39 9 603 348 12 604 394 522	12 421 39 9 459 605	1
573 432 29 595 606 607	607 217 126	0
546 358 47 541 336 153 608 609	540 358 47 541 542 153 610 19 611 612	0
32 39 9 12 10 101 102 19	28 12 453 10 254 606 23 39 9 613	0
217 127 614 276	615 127 344 114 251 126	0
304 12 145 145 120 72 29	133 134 146 146 72 113 107 616 116 118 338	0
617 243 618	29 19 619 243 618	0
620 108 621	29 23 12 19 621	0
282 283 283 282 55 46 47 48 49 159 622	48 50 50 48 45 46 47 48 426 159 50 623 624 625	0
304 12 19 626 627 29	133 134 146 146 72 12 626 116 180 73	0
628 8 9 629	630 149 202 629	0
240 416 334 571 5 69 631 632	633 631 632 240 416	0
12 634 163 126 635 636	12 634 163 637 66	1
638 639 640 8 9 344	249 19 250 251 126 252	0
29 19 140 370 32 39 9 641 13	444 140 370 80 32 642 643 644 641 13	0
87 295 645 19 23 39 9 42	646 12 101 102 29 19 40 16	0
29 647 12 29 142 648 19 59 23 24	29 142 649 650 19 59 23 24	1
651 87 221 652 29	87 5 120 652 29	0
29 10 106 459 12 11 29 653 229 358 45 358 76	29 106 459 229 358 45 358 10 106 459 12 11	1
29 161 12 62 39 9 65 533	29 23 161 647 12 12 62 43 65 66	1
228 226 72 29 215 654 122 11	24 655 19 654	0
12 19 641 13 253 32 43	4 656 16	0
28 29 342 11 66	342 11 66 29	1
657 177 658	657 177 148 659 660 661 232	0
29 662 662 602	29 663 243	0
126 106 29 12 664 106 665 29 11	126 106 12 29 592 23 106 665 12 11	0
666 23 24	12 23 24 533 12 23 10 23 59	0
142 302 667 668 11	142 302 126 669 66	1
453 23 670	107 67 10 511	0
29 671 518 672 625 673 19	674 675 251 676 66	1
29 665 370 11	29 23 592 19 665 370 11	1
677 19 678 12 679 10 511 16	670 680 681	0
459 342 518 11 12 347 682 11	28 12 459 342 518 16	0
29 23 24 533	683 12 254 29 23 24 16	1
684 684 200 68 685 682 70 531 11	68 686 687	0
329 330 348 140 370 688 550 689 79 690	647 350 415 691 692 168 550 19 693 433 634	0
300 161 202 197 19	8 9 197 19 533	1
694 19 292	695 696 697 295 19 290 33	0
126 276 29 698 699 700	29 10 118 701	0
285 19 702	703 247 704	0
12 10 705 706 29 16	10 705 706 29 16 12	1
230 707 708	709 708 710 711	0
12 39 9 128 10 511	12 44 128 10 511	1
249 712 44	521 713	0
257 421 39 9 524 525 714 715 715 19 716 114	257 421 39 9 524 525 715 716	1
646 19 307 308	550 381 469 19 690 317 717 308 718 16	0
12 161 29 719 360 107 161 39 9 76	719 161 39 9	1
105 173 720 721	126 106 722 723 447 66 415 724 725 10 173 415 726 280 727	0
172 162 424 67	34 67 6 728 300	0
729 192 730 731	247 247 732 527	0
63 11 29 276	279 733 734 29 11	1
735 736 737 635 738	739 5 739 740 741 742	0
743 23 744 454 19 594 470 19	745 12 23 454 19 470 19	0
25 746 747 11 267 575	126 19 415 748 173 11 43 647 579 76 267	0
749 19 750 35 263 751 126 10 126 2 32 43 671 752	12 263 751 753 2 32 43 671 752	0
29 754 755	29 453 754 756	0
575 447 19 467 432 379 757 106 758 29	176 29 759 350 575 447 19 12 10 459 304 29 64	0
12 23 5 760 761	12 23 760 761	1
12 444 62 169 762 62 122 10 62 683 62 122 10	763 62 23 8 9 62	0
29 13 62 12 5 422 764 16	765 14 62 12 766 19 59	0
34 275 767 355 131	29 106 67 768 19 769	0
12 317 770 16	771 102 317 772 12 773 10 773 522 16	0
774 775 276	12 317 775	0
12 23 522 776 39 9 777 19	778 243 779	0
421 39 9 780 62 12 12 253 10 390 29	421 44 502 503 62 12 12 253 10 390 29	1
159 48 781 48 45 48 229 782	783 781 48 45 48 48 229 226 226	0
186 187 473 784 23 39 9 678	217 23 606 785 548	0
12 128 524 525 67 127 69 70 16	725 69 70 67 67	0
12 19 355 334 786 8 9 787 788	12 19 355 334 786 251 788 23 39 9 603	1
12 524 525 43 70 76	12 260 29 485 39 9 70	0
282 283 283 282 426 126 16	282 283 283 282 426 592 10 789	0
12 6 299 790	12 791 299 790	0
29 62 12 169 792 467 126 16 588	62 12 169 793 794 10 794	0
161 795 11 3 499 276	279 3 161 11 3 499	1
796 797 798 799 12 800 200 801 28 574 802 126	29 536 803 804 12 536 799 805 806	0
807 130 6 266 442 808 809 565 810 811	5 812 813 32 58 6 814 815	0
12 23 43 41 42	12 23 39 9 41 42 19 66	1
12 816 817 58 222	818 819 29 12 816 820 52 53 222	1
12 705 706 821 16	12 705 10 705 706 135 5 822	1
823 22 808 824 825 43 826	827 824 12 108 19 470 455 456 43 826	0
426 19 828 519 829 830 831	45 226 478 426 19 832 833 834 157	0
28 12 314 39 9 76	28 12 835 314 39 9 533	1
757 10 836 11	10 459 757 10 459 757 757 10 459 10 10	0
12 837 247 62 29 466	442 392 461 462 94 227 223 19 464 223	0
426 81 82 411 662 788	48 50 50 48 140 370 838 788	0
12 32 43 300	12 347 241	0
12 669 10 669 533	12 669 10 839	1
272 12 722 723 447 19 317 23 24	24 459 272 12 840	1
282 283 283 282 335 478 140 370 841 8 9 313	426 208 355 8 9 313 48 50 50 335 481 782	0
29 277 106 272 12 312 842 247	29 106 272 12 312 842 247	1
843 844 10 126 536	845 846 753 536	0
13 847 12 19 65 16	29 347 331 337 12 19 65 16	1
459 10 12 72 29 68 69 70	848 416 70	0
55 226 226 283 781 623 229 473 543 282 849 158 116 718 850	55 226 226 283 781 623 229 282 849 158	0
55 481 287 851 147 121	202 337 852 853 56 854	0
642 855 202 856 192 857	8 9 554 473 173 858 328 859	0
72 29 4 5 6 197 2 292	72 29 291 292 276	0
860 19 493 32 39 9	861 862 462 142 126 67 19 70 531	0
116 117 118 72 766 19	133 134 863 117 118	0
169 718 177 146 146 413	169 718 133 134 413 133 134 146 146 334 571	1
757 864 2 300	172 5 6 205 19	0
865	453 32 5 227 227	0
43 315 866 257 126	691 867 868	0
12 431 432 869 11	12 193 243 431 432 870 11	1
12 202 10 435	12 8 9 453 10 342 518	1
12 592 19 126 871 66	872 19 873 277 126 449 451 66	0
282 283 283 282 19 874 23 39 9	282 283 283 282 32 875 689 876	0
498 11 276	877 878 498 11 794 11	1
879 850 243 25 574 692	243 25 574 880 881 879 850	0
29 882 248 11 12 883 800 522 458 29	29 884 11 12 800 522 458 29	1
29 653 12 19 675 885	106 459 12 75	0
28 886 312 247 276	29 317 312 247 276	0
127 344 19 505 92	217 887 19	0
348 29 168 168 494 495 794 16	116 888 626 29 168 350	1
115 115 19 889	37 19 890 62 39 9	0
12 32 119 16	177 119 72 891 599	0
594 29 161 276	12 161 276 29 161 459 892	0
12 512 251 511	66 511 11 511 11	0
893 894 300	894 300 19	0
431 432 62 12 890 16	29 431 10 431 432 62 12 895 895 533	1
230 29 431 432 176 12 232	29 217 431 432 176 12	0
29 595 12 347	29 524 525 19 896	0
897 229 358 45 358 246 247 29 898	899 46 539 229 358 45 358 29 900 23 246 247	1
901 89 52 53 97	5 902 903 264 58 91 92 93	0
29 524 525 536 904	905 29 23 485 536 904	1
462 906 25 574 907	908 25 574 126 275 471	0
909 13 536 149 910 911 16	912 347 272 913 914 536 16	0
453 80 32 11	28 217 80 32 11	0
32 374 915 311 916 232 230 19 16 267	917 918 232 230 919 16 267	0
29 106 130 131 457 920 921 831	800 80 920 921 11	0
12 202 83 698 161 300 66	28 12 444 193 243 431 432 922	0
12 32 923 16	12 23 32 924 276	1
925 472 852 334 571	472 852 276 926	0
12 10 23 596	29 5 168 12 217 10 23 596	1
246 247 462 906 19 247 248 8 9 344	249 19 250 251 126 252	0
29 889 23 6 761	23 6 761 29 889	1
72 29 68 367	72 29 68 5 69 5 59 927 928 929	0
930 931 175 932 933 934 935	930 931 175 936 937 19 938 939 92 266	1
12 157 350 12 940	272 29 829 830 5 130 12 940 276	1
226 478 227 478 941 19 224	464 223 942 11	0
12 142 943 19 33 23 43	12 32 43 771 63 19 33 448	1
944 945 149 19 629 266	946 947 19 948	0
246 247 19 247 248 592 126 66	246 247 247 248 532 32 949 130 16	0
360 29 403 19 23 12 276	12 243 360 29 403 16	1
12 72 29 950 448 951	28 12 72 29 5 6	0
757 215 952 366	241 360 29 127 9 327 248 66	1
29 217 953 11	29 106 29 127 954 953 11	1
28 12 773 955 533	28 12 800 227 773 955 533	1
12 10 254 29 16	29 10 254 16	0
10 67 10 67 135 956 758 878	521 459 67 957	0
297 12 243 25 76	958 243 779 76	1
200 59 959 960 572	371 961 173 962 372 32 52 963	0
964 899 965	29 106 67 964 899 965	0
252 966 66	29 80 32 78 629	1
29 108 110 23 39 9 472 473	521 178 6 967 785 23 39 9 968	1
48 50 50 48 335 159 46 153	48 50 50 48 158 159 46 153 611 612	0
29 969 62 478 153 226	970 478 153 226	1
39 9 423 533	423 39 9 423 533	1
48 50 50 48 335 478 782 190 191 331 285	282 283 283 282 335 478 782 272 282 283 283 282 335 221 971 98 126 267	0
309 59 725 29	32 80 32 725 173	1
12 19 972 973 974	12 975 126 169	1
976 16 32 977 16	978 246 247 976 16	0
29 457 647 579	29 979 980 457 981	1
394 395 466 394 395 466	12 466 11 16	0
29 13 161 5 6 982 16	983 19 23 43 213 29 10 705 706	0
12 371 246 247 394 62 29 984	29 984 371 246 247 394 62 12	0
12 421 330 127 9 985 66	12 8 9 127 9 985	1
335 228 336 709 58 986 707	335 228 226 987 58 180	0
12 10 254 29 16	12 23 988 253 10 511 29	0
116 153 941 566 119 989 806 72 307 308	12 304 117 118 116 6 29	0
45 228 538 431 432 97 990 58 19 991	45 228 538 426 992 58 180	0
550 813 451 993 994	995 858 993 994	0
996 19 997 40	998 999 42 23 90 295 645 19	0
606 837 247 463 19 224	341 462 463 224	0
12 1000 126 16	12 19 1000 753	1
12 451 574 32 24	12 19 1001 32 1002 24	1
1003 62 43 533	62 115 115 2 300	0
30 161 161 1004	12 30 161 161 168	0
646 1005 140	1006 1007 1008	1
1009 1010 202 629	8 9 1011 944 1009	0
1012 29 12 23 24	12 62 39 9 818 819 29	1
135 136 132 24 142 13 133	131 132 813 142 126 275 19 162 208 1013	0
335 50 47 19	335 228 153 47 615 1014	0
28 80 1015 459	80 1015 459 1016	1
12 536 1017 1018 16	1018 431 432 536 16	0
1006 647 415 8 9 1019 1020 397 469 854 267	1006 647 29 852 11 415 552 553 147 121 202 725 773	0
39 9 583 261 317 1021 1022	12 453 317 39 9 1023 59 355 1024	0
133 134 1025 788 583 187	646 1006 177 643 370	0
29 251 1026 1027	253 23 1026 1027 253 23 1028	0
169 314 882 1029 1030 1031 1032	1033 1030 101 706	0
48 50 50 48 589 1034 229 226 19 159 50 623	176 29 1035 1036 350 48 50 50 48 55 226 226 50 358 623 229 232 230 175	0
29 106 536 1037	1038 374 43 396 173	0
29 1039 11 1017 861 575 59	1040 428 1041 776 1042 1043 1044	0
882 565 10 800 571	10 836 19 882 565	1
12 459 202 922	459 922 16 12 161 1045 126	0
28 29 431 432 72 12 1046 16 588	304 12 19 65 72 337 11	0
1047 1048 42 23 39 9 433 434 192 882 19	1049 114 42 23 90 295 90 565	0
365 2 300	169 718 12 72 29 4 6 424 1004	0
1050 176 29 725 6 1051	176 29 725 6 1051 431 432 16	1
1052 332 1053 29 435	87 227 1054 332 1053 29	0
1055 29 19 65 80	29 19 212 213 1055 11 16	1
12 23 98 19 1056	12 109 23 98 19 1056	0
43 689 12 274 59 19	29 10 23 59 866	0
63 734 146 146 854 8 9 313	243 146 146 1057	0
12 1058 317 134 1059 16	317 1060 16	1
10 1061 32 39 9 123 389	59 444 459 1061	0
29 1062 451 1063 1064 1065 1066 1067 1068	1069 1070 91 1071 1072	0
246 247 168 11 312 1073 1074 1075	161 312 1073 29 128 161 312 1073	0
135 136 137 138 1057 19 740 998	135 136 132 1076	0
59 10 431 1077 643 1078 1079 707	690 19 212 1080	0
12 23 1081 22 16	12 296 1082	1
12 1083 32 59 16	12 296 1084 32 59	1
29 1085 1086 11 83	29 83 19 29	0
854 140 370 854	140 370 147 121	1
4 277 29 360 12 161 11 66	1087 274 1012 12 11 16	1
1088 543 189 134 1089	246 341 1088 543 221 134 43	0
1090 1091 12	573 432 161 66 251 106 1092 1092 12 76	1
12 91 662 253 200 25	252 243 10 243	0
421 39 9 12 10 67 300	12 241 1093	1
25 1094 23 12 142 524 525 19	524 525 24 533	1
1095 1096 651 1097	1098 19 224	0
29 411 662 449 451	29 1099	1
158 478 153 23 1100 915 282 849 1101	335 481 153 915 282 849 1101	0
1006 176 29 39 9	1006 176 29 938 853 1004	0
1102	1102 19 262	0
140 370 444 450 317 32 472 370 332 333 267	426 1103 1104 300 813 217 1105 11 415 23 1106 267	0
12 10 431 447 16	10 1107 16	0
68 19 592 126 67	193 243 43 70 100	0
140 370 462 19 1108 8 9 1109 267	426 202 348 107 91 662 1110 267	0
1111 523	12 634 1112	1
1113 56 1114 130 148 1115 56 57 1116 1117	1118 1119 1120 130 1121 1053 169 718 169 718	0
12 19 422 334 126 1122 66	12 19 345 126 1123	1
1124 566 272 59 959 1125 1126	1127 1128 1125	0
304 94 227 223 19 224 925	353 162 392 1129 1130 227 1097 19 464 223	0
993 230 300	426 993 380	0
12 44 253 317 16	12 317 725 1131	0
10 101 102 312 39 9	29 10 254 854 8 9 313 533	0
12 254 29 19 307 591 23 24 16	12 705 706 29 307 591 16	1
131 137 138 574 98 470 208 1013 1132	131 132 32 875 370 175 59	0
12 317 416 405 632 1133 16	240 416 315 62 19 422 334	0
153 153 941 1134 86	1135 49 1136 189	0
12 10 511 1137	297 128 10 511 19	0
119 116 824 420 209 191	580 813 19 334 237	0
29 19 1138 76	618 13 1139 29 19 1140	1
29 147 121 64 11	854 29 72 63 11	1
12 432 421 29 10 447 12 16 267	1141 675 29 23 447 12 19	1
43 396 23 29 882 565	43 433 434 23 29 19 882 565	1
127 9 1142 29 23 1143 19	215 1142 536 10 394	1
29 255 67 70 925	12 67 10 1144	0
1145 140 370 120 121	140 370 120 121 691 331 172 1146 442	0
12 348 29 671 173 323 11 16	29 323 12 16	1
1006 3 176 29 177 350 1147 593	1006 176 29 43	0
29 101 102 12 142 485 19 59 23 24	12 447 19 59 23 24	0
12 23 10 23 1148	12 23 10 23 1148 66	1
80 32 402	453 32 80 32 5 141 1141 107 19	0
12 260 29 43 41 42	87 971 41 42 32 25 141	0
493 1149	493 462 1150 19 178 503 1151	0
12 1017 163 126 16	29 447 12 126 16	0
521 1152 6 140 276	217 127 344 276 140	0
679 12 80 32 524 525 19 59 16	12 309 524 525 19 59	1
12 83 1153	28 12 193 243 1153	1
12 1154 243 25 471	12 243 618 1155	1
12 254 29 115 115 62 43 16	12 347 62 29 115 115 16	0
227 1156 56 57 421 39 9 317 416 122	421 39 9 227 189 130 56 57 317 1157 267	1
12 13 10 13 72 29 526 1158 533	459 10 12 72 29 369	0
12 1159 19	12 12 749 28 1160	0
55 46 47 48 23 39 9 785 548	282 283 283 282 55 46 47 48 276	0
169 718 12 253 1161 43	12 32 25 141 1162	1
59 866 493 19 1163 1164 29 453 10 215 511	12 317 272 29 429 317 16	0
12 1165 1166 114 11 16	12 13 10 13 1167 16	1
29 453 23 10 511	28 29 10 511	1
29 19 578 59 23 24	29 578 59 19 212 213 23 39 9	1
392 29 453 462 10 1168	392 29 453 1168 16	1
329 437 222 1169 426 592 809 272 1170 1171	1172 29 19 1170 916 123 11 831 431 432 1173 16	0
12 317 427 1174 16	12 13 72 29 333 1175 5 130 329 330 1176 16	1
133 134 146 146 448 951 798 476	1177 1178 146 146 339	0
311 431 1179 330 19 1179 202 828 767	606 213 1178 39 9	0
1180 11 472 370	80 39 9 78 11 217 472 370	1
920 56 331 172 58 180	1181 52 53 180 158 1182	0
1183 153 153 222 223	176 29 1184 178 222 223	0
1185 1186 42 524 525 39 9 40	1047 1048 42 360 39 9 40 1187	0
12 249 1188 11 16	12 79 10 79 232 230	0
13 14 1189 5 6 140 370 288 190 191 806	72 29 116 6 426	0
177 162 1190 379 19 224	1191 394 522	0
29 459 272 12 312 247 800 1053 5 130	1121 1053 169 1192	1
426 19 380	80 163 380	0
29 447 12 174 878 1193	1194 29 447 12	1
29 106 32 6 1195	29 126 106 32 5 6 1195	1
140 370 232 230 19 433 434 10 1196 1197 583	232 230 396 1198 1075 662	0
240 416 1199	240 416 1200 1201 1202	0
282 283 283 282 19 56 57 52 53 180	282 283 283 282 158 1182 1203 58 180	0
249 130 11 1204	392 379 247 309 949	0
34 275 1205 1206 1207 1208 19 552 553	72 29 522 5 6 1209 1210 1211	1
28 12 62 169 1212	29 647 12 62 44	0
8 9 13 304 550 1213 333 243 934 804 462	691 243 934 804 969 62 1214	0
453 106 275 140 370	29 106 254 559 560 202 275	0
80 32 230 11	230 707 1215 11	1
29 72 12 1216 65 276	29 176 12 880 162 65 1217 126 10 126	0
1218 23 24 1219 19	1220 174 24 1219 19	1
28 521 275 39 9 76	28 29 108 13 275 227 43 76	1
173 193 243 107 274 172 11 16	83 274	0
247 1221 42 19 1222 1223 265 213 23 39 9	247 1224 42 19 1225	0
29 23 10 23 5 6 299 114	29 23 5 6 299 114 16 12 595	1
421 39 9 29 19 1025 1226 1227 19 626 23 1228 1229 19	444 29 19 494 495 1226 1227 23 81 19	0
48 50 50 48 335 478 481 1230 1231 1232	282 283 283 282 158 481 153 19 1230	0
392 461 462 19 224 94 227	392 1129 94 227 19 464 223	1
29 10 106 12 11	1233 29 255 272 12 1041	0
45 46 47 48 335 159 46 1234 442 1235 1236 56 57	55 46 47 48 158 159 46 1203 1237 1238 267	0
766 19 889 246 247 882 565 800 571	889 882 565 800 571	1
12 360 29 314 29 19 583 187	1006 12 360 29 127 344 629	1
526 1239 169 1240	240 416 1241 19 290 33	0
169 214 29 1242 23 24	169 214 107 108 1051 1242 23 24	0
493 462 1243 142 1244 19 23 25 162	861 862 462 142 1245 19 1243 23 24	1
161 12 447 29	161 12 485 29	1
29 106 67 1246 1247 19 70 1248	29 106 67 12 68 70	0
29 319 319 296 1249 1110 19	29 319 319 1124 10 1124	1
421 39 9 450 459 360 29 922	12 1058 421 39 9 1250 360 29 922	1
1251 1252 1253 114	773 499 29 200 1252 1254 11	0
643 370 1255 971 381 121	1256 1257 971 381 121	0
131 132 574 25 6 1258 126	131 132 574 804 19 144 142 1132 19 24	0
439 46 539 1259 335 50 272 48 50 50 48 317 1260 10 23 162 785 548 16 267	783 1261 335 781 50 439 335 1262 1263 46 785 548	0
98 1264 114 19 426 1265	1226 494 426 1266 1267	0
29 453 23 1268 10 126	444 29 453 23 787 464 451	1
29 1269 25	29 1270 66 29	1
796 72 12 232 227 230 276	29 459 1188 11	0
724 107 161	12 161 43 11	0
291 1271 19 2 300 276	291 424 66	0
457 28 1272	12 23 6 1273	0
48 1259 440 23 74 39 9 19 267	48 1259 440 444 133 10 134	0
12 485 43 59	12 485 43 866 1274 19 59	1
1275 45 46 46 47 48 744 1276 243 25 574 130 352	1277 45 46 46 47 48 1278 243 618 431 432 349	1
5 1279	5 1280 89 52 53	0
1281 68 1282 72 29 67	72 29 1283 170 68 5 69 70	1
1284 272 43 40 1187 76	1285 142 1286 39 9 41 42	0
5 222 93 903 264	1287 1288 89 58 1289	0
29 106 272 12 275 66	405 552 553 253 10 348 12 275	0
119 1290 1235 169 236 237 311 422 334	643 644 236 237 1291 345	0
213 885 130 352 1085 1292	578 579 1293 1294 1295 349 1296	0
12 13 360 29 4 300 16	13 10 13 360 29 4 300 533 12	1
177 67 67	177 67 1297	0
1298 19 180 1299 29 826 979 11 8 9 313	29 80 180 11 8 9 313 66	1
444 29 19 451 787 1300	449 29 19 451	0
1301 272 1302	1302 971 1303	0
12 161 127 6 861 862 462 24 23 1304 19	243 127 6 493 462 29 296 142 1124 19	0
29 30 72 12 829 830	348 29 30 72 12 829 830	1
947 19 963 575 23 39 9	947 19 963 575 23 1305 520 16	0
546 358 47 541 336 50 45 48 19 232 230 175 1306	546 358 47 541 336 1307 1286 1170 1306	0
1308 971 381 121 212 495	119 574 804 32 1309 19 971 381 121 212 495 76	0
1310 1311 13 536 1312 16	1310 1311 13 536 1313 1314 16	0
29 307 308 23 24 66	1315 23 29 307 308 1316	1
818 819 29 48 50 50 48 272 357 358 357 48 98 126	1006 818 819 29 127 23 282 283 283 282	0
422 334 592 100	345 251 126 67	1
1317 464 223	442 392 1129 1318 19 224	0
606 2 300 10 126 2 172 5 6	72 29 161 162 2 300	0
10 23 59 1319 421 12	10 23 59 602 107 1320	0
12 19 35 35	37 37 35 35 35 35 37 35 75 75 297	0
29 126 106 32 162 470 455 456 533	29 126 106 840 533	1
12 1321 276	23 12 416 19 1133 276	0
29 118 120 251 10 1322 662 127 23 39 9 603 267	521 127 253 23 43 66	0
744 1323 1324 155 11 453 1325 459 854	29 1326 851 744 1323 147 121 1327	0
971 87 96 93 89 90 1328 93	189 87 91 92 1329 93 89 52 53 1330	0
12 254 1331 221 59 612 276	12 101 102 1331 221 59 612 16	1
1332 1333 49 1182 941 1334 52 53 1335 54 1336 949 813 19 678	1337 32 52 53 59 421 1338 1339 1340	0
34 202 62 12	29 459 1341 62 1059	0
140 370 1342	1343 243 618	0
133 134 1344 494 1345	177 1124 710 1346 1228 1347	0
12 161 606 23 241 79 19	12 818 819 29 12 23 241 79 19	1
249 19 247 248 251 126 252	1348 249 19 247 248	0
1349 453 347 1350 285 509 1351	177 285 509 1349	0
12 1352 16	29 647 12 1352 11 16	0
177 626	370 175 59 19 494 495	0
1353 1354 90 565 11	12 19 882 565 23 1355 90 295 90 565	0
23 371 1356 574 1357 19 16 12	12 23 1358 1359 1360 574 1357 19 16	1
12 71 10 1227 76	23 43 603 348 12 10 192 522	1
29 249 31 52 53 1361	176 29 331 285 1361 265	0
29 1362 12 217 669	29 1363 12 217 669	1
12 6 122 216	12 23 6 218 219 79 365 161	0
133 72 307 971	133 230 300 72 169 1047	0
540 1364 1365 1366 542 153 1367 1368	546 358 47 541 336 153 56 57 1369	0
12 101 102 83 877 878 374 11 52 53 54 45 46 47 48 16	55 46 47 48 374 19 126 16	0
877 878 457 180 536 535 11 29	29 80 32 180 536 535 11	1
837 247 12 532	29 106 254 392 19 12 8 9 344	1
611 612 285 1370	1124 1338 1371 285 1370	0
12 62 29 1372	800 62 29 1373 1374	1
1049 114 42 19 1375 711 23 43 711	12 19 1376 23 657 19	0
29 19 1377 62 39 9	29 1377 8 9 1378 969	1
162 334 571	12 254 43 334 571	0
1379 200 1380 1381	34 200 718 1382 1383 1384	0
29 108 1385 173 83 811 11	1386 705 706 1387 11	1
12 32 20 187 16	12 32 44 33	0
886 44 968 66	620 1388 23 43 968 66	1
140 370 1389 1365 540 783 641 13 16 267	140 370 32 1365 540 783 641 13 16	1
421 44 10 1012 29	421 44 10 161 76	0
72 29 497 837 247 19 247 248	1390 32 949	0
173 11 457	1391 11 457	0
431 1392 457 329 437 277 431 1392 1393	431 1392 80 329 437	1
282 50 50 48 55 46 47 48 1286 191	55 46 47 48 90 1394 48 50 50 48 48 50 50 48	0
353 224 478 227 478 941	224 942 11	0
5 227 5 227 122 59 59 253 32 751 133 5 213	5 1395 59 1396 947 1397 1398 1399 133 5 1400	0
240 1401 1402 1403 118	586 10 173 118 338	0
135 136 132 574 19 144 98 142 907	131 137 138 19 1057 19 144 32 875	0
126 66 1404 134	126 1405 253 457 134 6 1406 11	0
140 370 1147 23 58	426 1147 854 23 52 53	0
972 19 7	1407 19 7 23 43	0
12 975 126 169	12 972 973 169	1
94 227 1408 62 29 466	353 87 222 223 379 19 224	0
314 1409 813 1068	1410 23 43 785 548	0
29 106 647 350 140 370 140 1411 220 354 202 1 689 267	1006 647 426 19 1412 773 156 202 353	0
1413 33 12 10 599 600	12 10 1414	1
459 757 629 29 470 455 456	444 10 161 300 66	0
25 6 40 19 253 23 142 126 19	40 272 882 1415 98 1416 76	0
573 432 161 392 1326 200 462 1031 16	392 459 462 1031 16	1
12 263 29 32 1137 16	263 29 19 1137 12 32 16	1
297 12 1417 76	12 1195 243 28 588	0
12 23 1418	161 23 299 114	0
453 13 1419 12 762 13	796 272 12 275	0
249 12 272 24 1017 1420 66	249 1420 12 272 24 1017	1
12 13 1421 29 882 565 800 571 16	12 19 882 565 800 571 1421 1422 13 72 29 16	1
1423 903 264 52 53 1330	49 478 222 223 903 264 90 169 433	0
28 12 10 824 29 227 373 1068 16	12 10 835 824 29 16	0
12 524 126 998 19 594 1424 19	12 524 525 998 711 594 1424 711	1
472 1425 94 227 224	442 5 6 837 247 461 462 956 227 1054 19 224	0
32 80 32 146 146	176 29 304 146 146 177	1
1426 12 8 9 318 29 64 11	29 8 9 1378 969 12	0
116 1427 19 181 72 971 1426	116 6 181 72 29	0
1428 19 889 62 43 212 213	1428 19 477 358 546 46 62 43	1
1429 23 12 19	29 980 253 459	0
10 106 466	255 466 10 23 29 19 1430	1
335 1182 236 237 708	335 1182 915 19 1431 1432	0
29 347 647 12 43	29 347 647 12 19 253 32 43	0
1433 19 1434	177 226 228 941 478 240 416 1435 736 1436 1437 1438 1439	0
12 72 29 2 5 422	347 72 29 2 422 16	1
29 202 1440 669 12 76	348 29 787 669 12 12 253 74 11 39 9	1
670 66	12 67 10 511 66 67 10 511	1
1441 23 39 9 678	1442 23 39 9	0
304 29 925 10 106 67	29 1443 330 70 253 10 106 67	0
1006 176 29 759 5 130 130	1006 176 29 43	0
1444 12 106 1445	12 106 39 9	0
12 1446 1447 16	28 12 705 706 1448 1449 16	1
29 10 524 525 12 29 524 525 169 447	29 757 12 11 29 459 169 447	1
422 334 169 1450	345 169 5 227	0
29 1451 19 65 23	176 29 177 29 115 115 19 65	0
29 1452 1453 1454	29 1452 1453 251 122	1
525 215 1455 243 280 980 574 804 725 10 173	550 1456 19 647 579 253 23 1457 275 1195 1458 574 804 16 415 72 162 933 1459	0
823 29 5 1024 1460 19 300	1461 300 522 823 29 1460	1
280 727 5 130 29	1462 29 126 16	1
12 72 29 1463 29 217 1464 12	107 72 29 102 1465	0
1466 1467 964 1275 1468 1469 933 1470	1467 964 1275 1471 933 1470	1
176 29 133 134 420	176 29 133 134 1290 334 420 1162	1
29 1472 459 1473 173	29 459 1474	1
29 19 550 8 9 462 10 200 11 76 267	1475 202 389 390 76 267	0
1476 72 29 4 6 2 300	29 72 12 4 5 6	0
106 1477 29 106 12 28 23 10 1478 19	29 459 106 12	0
45 46 47 48 49 19 462 1479 433 476	45 46 47 48 462 1479 433 476	0
256 10 23 115 115 19	274 115 115 19	1
12 19 1480 23 24	12 19 35 23 24	1
12 260 350 29 23 39 9 41 42	1287 295 87 94 23 43 41 42	0
335 159 46 153 32 1481 1482	335 159 46 153 536 947 13 134 58 1483	0
1299 10 1299 168 126 1148	168 28 10 1299 168 126	0
630 1240 8 9 629	1484 1485 806 202 629	0
1486 459 629 43	193 243 459 74 75	1
126 276 30 4	297 467 12 30 161 276	0
12 72 29 5 95 179 180 126 10 126	72 29 5 95 179 180 276	1
29 360 12 161 11 16	29 360 12 161 29 169 433 434	0
70 212 23 43 66 127 1158	83 68 19 23 39 9 70	1
12 348 29 518 163 1487 1488 11	29 263 12 215 1487 11	1
29 140 370 462 19 209 191 772 390 457 11	29 426 462 32 80 32 1489 19 190 191	0
12 62 39 9 208 209 212 213	1012 29 12 62 39 9 1490	1
29 873 161 19	471 114 161 19	1
657 304 426 353 519 1491 1492 1114	426 311 266 116 824 119 355 334 1493 140 370 657 220 354	0
249 1494 52 53 1495	1496 162 41 1497 247 248 8 9 344	0
12 317 79 355 334 1498 16	177 1499 1293	0
837 247 19 250 76	373 1500 837 247 247 248	0
29 524 525 12 485 19 1440 1501	29 447 12 447 163 1440 1501	1
176 29 74 39 9	12 253 32 39 9 641 13	0
32 1502 1503 684 319 895 23 43 671 518	12 32 1504 16 1505	0
29 459 162 70	12 317 68 39 9 70	0
1506 227 94 433 903 264 58 222	702 903 264 52 53 1507	0
1183 810 811	956 169 433 379 62 29	0
176 29 1508	1509 217 23 12 19 33 11	1
447 1338 19 212 1080	59 10 431 1077 643 906 270 10 431 1079 707	0
10 1510 818 819 12	10 1510 1511	1
29 217 882 248 831	444 29 760 459 5 227 173 247 248 19 882 1512 1294 1513 415 250 217 317 1514 1515 1516 267	0
168 1517 334 168 1518	1519	1
29 19 140 370 8 9 457 1499 1520 1235 1162	29 19 426 194 140 1411 1162 202 1521 11 80 32 838	0
1522 379 12 134 275 2	1523 19 366	0
12 253 317 1524 39 9 533	347 312 141 39 9	0
87 1525 1526 94	87 5 1527 956 903 264 90	0
72 29 68 5 69 448 70	106 255 29 72 29 68 1282 72 29 68 515 69 19	0
45 46 47 48 49 19 1528 422 175	55 46 47 48 49 23 148 1528 422 175 16	0
72 29 130 352 930 931 175 126 16	1529 349 1530 190 191	0
29 296 411 662 1239	29 296 1531	1
247 1221 42 19 150	12 39 9 1022 612	0
12 1496 1532 8 9 344	12 1496 1017 163 691	1
12 1533 217 251 1124	771 102 12 274 1534 253 127 9 1124 16	1
431 23 29 277 1535 1536	431 23 29 390 938 1536 533	0
126 29 10 882 12 19 248	126 366 29 698 10 317 882 12 19 248 76	1
1537 299 790	1537 1538 11	0
1539 246 247 247 248 532	246 247 19 247 248 251 126 252	0
12 202 317 922	421 39 9 317 922 12	1
86 87 1328 93 89 58 222 93	94 1540 903 264 52 53 902	0
679 12 23 29 115 115	1541 12 124 29 19 115 115	1
1016 161 28 12 1542 16	28 12 1542 16	1
1543 1431 10 795 1544	10 13 1544 236 237 16 267	0
126 19 12 1545 276	297 467 1545 276 831	0
1546 19 641 13 829 830	1546 19 641 13	1
29 126 524 525 180	29 485 180	1
1547 5 130 392 19 1548	246 247 272 392 19 247 248 8 9 344	0
43 253 10 23	274 1549 1550	0
1006 72 29 1551 1051	72 29 725 6 1051	1
12 80 882 1552	29 80 882 12 248	0
971 87 189 6 169 433 10 106 161 39 9	29 39 9 253 255 161 11	0
1553 14 36 12	29 36 12 347 16	1
133 134 117 118 72	177 119 72 177 119	1
29 1316 750 10 317 23 6 1554 59	29 10 317 23 6 1554 59	0
8 344 220 354 1555 1022 13 1556	532 353 1557 1228 1347	0
421 39 9 29 450 314 10 126 1558 267	444 361 19 471 114 450 314 10 126 1559 314 267	0
262 421 39 9 153 941 226 941 10 13 97 990	421 39 9 153 941 153 941 812 19 1560 127 9 1561 1075 267	0
1242 29 672 126 168	1141 675 29 307 591 672 126 168	0
10 1562 1563 19 1239 956 1564 161 19 217 23 12	12 6 1565 762 10 1566	1
29 355 334 1567 1568 19 433 434 922 415 161 173 1569 217 161 1536 11	1104 300 185 389 390	0
12 161 12 23 6 43 1570	12 296 6 1570	1
282 283 283 282 158 782 336 32 1571 56 16	48 50 50 48 335 159 46 153 1572 23 1100 917 1424 56 1573	0
1151 379 652 29	1574 433 1287 87 222 223	0
12 126 12 23 98	12 126 12 19 1575 1576 23 43	1
29 126 1577	262 1578 1555 1500 19	0
29 10 254 698 647 19 12 66	29 10 254 1475 647 44	0
59 882 5 1579 4 39 9	59 882 1580 126 168	0
757 770 11	1329 1581 757 773 522 11	1
1582 222 1583 19 222 265 1584 1585 122 169	126 122 19 265 213	0
29 1475 8 9 72 12 394 65 76	12 1475 8 9 72 29 394 212 213 76	0
29 254 29 251 1107	29 1107 16	0
12 453 277 23 6 1586 19 1587	12 217 23 6 122 1588 114	1
1589 12 145 145	133 134 146 146 773 483 417	0
101 102 12 23 761 16	12 23 1590	0
29 522 122 750 35 11	29 1591 522 11	1
189 1592 5	1135 49 1593 432 956	0
454 19 1594 1243 1595 1596 390 938 19	1597 19 1594 1243 10 1414	1
1319 421 12 431 447	29 1107 594 12 431 447	0
73 415 1006 647 350 29 19 140 370 421 39 9 1598 19 262 615 619 19 262 155 1599 444 317 457 81 82	73 415 1006 647 25 574 32 190 191 853 267	0
48 50 50 48 335 159 46 153	282 283 283 282 158 159 46 153	1
29 101 102 11 561 561	561 561 29 254 11	1
106 67 342 1600 292	29 106 67 1601 292	0
39 9 344 19 1602	29 106 67 169 1603 19 1602	0
1604 202 1605	800 161 447 29	0
909 1606 1607 16	1608 32 43 126 389	0
12 453 23 371 1600 19 12 16	12 453 296 1609 19 12	1
29 817 1610 1611 11	817 1610 1299 29 817 1398 11	1
12 71 28 9 669 59 76	10 254 421 44 787 669 12	1
792 1612 19 81 1613 767 23 39 9	1614 19 81 1613 767	0
335 229 440 47 781	229 781 48 440 335 47 158 228 542	0
436 437 23 29 447 536 19	29 524 525 536 1615	1
724 193 243 1616 1617 705 19	1600 354 1618 615 1359 1619 1620 1621 1342 331 172	0
127 6 118 338	118 338 133 134 118 338	0
1622 636 636 636 636 636	189 6 11 1623 636	0
169 718 221 227 1624 62 29	285 1625 162 1626 189 227 19 464 223	0
158 782 153 915 920 921 398 16	398 226 406 230 300 1627 153 217 80 79 11 16	0
1012 29 12 23 24	818 819 29 12 62 43	1
837 247 10 130 949	459 10 392	0
12 485 67 127 1158 16	12 485 67 1628 711 127 1158 16	0
29 19 140 370 462 32 47 546 159 641 13 16	12 13 72 29 350 48 50 50 48 140 370 19 47 546 159 641 13 16	0
29 249 1629 533	249 1630 11 66	1
312 247 66 360 29	360 122 1195 403	0
426 232 10 462 230 11	426 232 10 462 230	1
1359 116 19 208 355	169 718 1631 1632 1633 114 449 451 1212 1634 79 208 355 8 9 161	0
72 478 478 226 1635	1635 72 478 478 226	1
12 459 1636 161 300	12 13 10 13 1636 922 533	0
837 247 1637 1061	29 459 462 314 200 11	0
72 29 725 192 29 142 447 19 262 59	29 142 447 19 262 59 72 29 725 192 522	1
10 459 12 19 59 23 29	29 161 10 459 12 11	1
379 1638 1639 1583 32 875	8 9 1640 1584 1641 1024	0
347 1642 29 922 16	12 967 1643 13 14 1642 29 161 300	1
291 728 300	291 864 2 300 533	1
28 29 108 459 312 39 9 76	28 29 108 312 39 9 126 76	1
87 971 41 42 24 142 1644	270 271 42 485 39 9 710 711	0
12 10 67 29 300 19 1645 1319 23 43	12 444 10 67 29 300	1
12 453 1646	12 251 1577 66	0
1647 147 643 644 19 626 1648 1593 11 202 725	10 169 451 1649 19 626 202 482 483	0
470 882 309	12 23 10 23 470 882	0
230 114 397 398 692 1650 92 266	45 228 1651 1652 690 1653	0
215 317 922 11	215 317 161 300 11 66	1
48 50 50 48 426 32 915 1654 1188 19 140 370 16 267	48 50 50 48 426 915 989 1038 139 916 16	0
1655 285 258 1656 559 611	1657 1658	0
176 29 1659 146 146	202 1660 146 146	0
1661 1661 453 243 342 518	296 1662 11 243 435 66	0
1663 23 43	189 1664 1665 19 1666 634 8 9 1667	0
263 29 161 1668	1669 415 12 163 72 29 161	1
29 272 12 24 142 126 168	24 142 1244 29 272 12	1
1670 19 422 334 1671 1672 942 1110 276	526 1673 1674 19 422 334	0
8 9 1675 794 1676 352	349 126 19 190 191 8 9 1676 352	0
776 522 270 1677 431 1678 8 9 313	1679 1605 134 431 432 1680 16	0
127 23 12 134 19 1681 16	134 43 275 2	1
1016 161 1682 253 31 11	122 1195 253 31 11	1
447 12 217 615 29	507 1683 29 447 12	0
647 12 74 44	647 12 6 1684 916	1
202 304 426 19 160 708 192 522 267	29 140 370 813 476 28 6 156 8 9 155 130 200 217 394 10 522 11 267	0
12 518 163 29 19 1268 251 126 16	246 247 29 19 1268 1	0
29 246 247 459 813 817 11	29 813 817 19 690 23 249	1
1685 11 12	158 478 52 122 608	0
28 12 19 1686 444 23 470 19	28 12 421 39 9 23 1687	1
348 861 862 1319 29 1688 1244	1319 12 1689	0
1690 23 620 108	1691 829 1358	0
12 23 589 16	12 1027 10 1027 13	1
1692 1495 32 1693 59 233 52 16	813 1338 32 1694 32 212 19 1695	0
1032 370 1696 23 52 53	554 1104 993 380	0
1697 794 243 618	1698 243 618	0
640 251 10 1430 533	640 1699 1700	1
176 29 72 477 116 5 1701 117 118	431 432 1702 181 72 29 16	0
837 247 1703 1704 247 248	1705 161 837 247 19 247 248 272 249 1706 10 52	0
431 432 355 334 239 406 1707 1275 45 623 47 48	48 50 50 48 546 358 47 541 782 625 462 1708 1619 311 266 1116 355 334 356 1709	0
29 106 67 1209 1211	29 459 275 1206 1207 1208	1
29 161 12 459 1252	1252 304 1710 126 1711 328 66	0
335 782 153 1712 1713 160	335 782 153 160 357 48 358 159 46	0
29 193 243 19 448 1714 251 1072 1715	29 161 29 10 134 451	1
29 246 247 592 836	29 249 411 662 134 451	1
12 1596 23 299 790 276	29 595 12 23 299 790	1
12 10 106 459 29 168 12	29 10 106 459 12 168 29	0
29 421 12 134 451	29 836 1716 366	0
1717 813 12 524 525 98	502 6 366 1624 29	0
55 46 47 48 481 1118 433 223 1213 333 10 979 515	55 46 47 48 481 1118 433 223 1213 333 788 1718 10 980 1718 1719 1720	0
29 106 163 173 12	29 106 1721 12	1
421 39 9 29 19 426 574 80 32 1722 267	444 29 19 426 80 32 1723 1473 212	0
55 46 47 48 23 43 678 267	55 46 47 48 28	0
29 23 153 478 941	361 108 307 22 23 153 478 941	0
962 372 246 247 1724 794 1725	1358 1195 1726 246 565 1724 794	0
28 126 276 593 12	12 126 561 561 12	1
29 459 1727	29 72 12 1728 536 276	0
28 229 358 45 358 12 1446 16	229 358 45 358 12 1446 16	1
550 1729 806 1730 172 519 641 1476 261 1731 384 173 1732 19 389 390 313 266	1733 1730 172 1734 11 415 714 1358 457 173 1732	0
437 1735 365 202 161	1736 19 7 23 39 9	0
12 13 1737 922	12 1738 922	0
23 263 453 23 1430 76	1430 11 762 202 11 29 776 1042 317 337 1322	0
1739 429 552 553 19 829 830	1740 370 829 830	0
12 1645 522 10 23 62 169 1192 16	12 1741 274 62 169 1192 16	1
1742	1743 938 1744 5 130	0
29 19 140 370 56 57 1745 11	12 1746 242 12 1203 1745 11	0
1747 3 499	526 3 499 73	0
546 358 47 541 478 426 1748 56 52 53 180	282 283 283 282 158 228 140 370 56 57 32 52 122	0
438 990 1749 11	215 32 451 11	1
12 1750 23 25 574 19	28 12 23 25 574 19	1
274 161 1751 16	10 23 877 878 161 11 16	0
1110 1495 799 173 95 222 736 481 478	1752 1753 5 227	0
12 1038 308 23 1315 76	12 19 1754 23 24	1
12 23 8 9 254 19	23 126 12 202 11	0
12 1755 1299 29 374 11	29 835 304 12 374 11	1
426 81 82 1756 788	140 370 1757 838 788	0
12 877 878 1584 229 358 45 358 1758 11	12 83 877 878 1584 229 358 45 358 1758 11	1
29 5 1759 1760 1761 72 12 118 594 10 118	1762 29 5 1763 1764 969 665 12	1
1698 32 39 9 431 432 176 173 12 19 16	1006 647 32 43 431 432 176 173 12 16	1
32 80 32 1765 285 1370	169 718 285 1370 1547	0
12 23 29 19 1600 454 456	126 106 1766	0
12 72 29 682 1397 29 255 1362 12	29 698 255 12	0
1767 23 29 1768	169 718 29 23 135 1769 1770 19 307 591 16	0
757 522 725 29	28 217 10 459 522 725 29 66	1
909 13 536 1771 16	1310 1311 13 536 1772 16	0
1592 1568 19 208 209	1773 208 355	0
12 1774 29 52 1555	12 260 260 29 32 52 1555	1
882 1688 421 59 29 1775 1776	882 1688 421 59 29 251 1776	1
48 50 50 48 45 46 47 48 1777 79 39 9 1778 1779	48 50 50 48 45 46 47 48 1780 79 39 9 1781 19	0
29 459 1782 12 19 1783	1784 12 62 29 16	0
477 335 1259 159 439 46 541 23 39 9 785 548	23 39 9 678	0
1785 1786 1697 794 380	32 230 300	0
12 1787 1788	12 279 215 1789 11	1
29 1643 311 1080 432 263	29 80 300 161	1
12 23 29 889	889 23 39 9	0
12 1680 10 1680 270	12 459 10 459 522 1790 270	1
270 271 42 272 1791 19 472 473 532	12 23 1792 16	0
1319 421 43 29 127 9 1793	12 71 787 896 76	0
246 247 23 90 295 90 120 66	12 19 1794 23 90 295 1795	0
274 28 33	274 262 33	1
263 533 253 23 521 1322 804 19 1796 611	263 443 19 1797 1796 611	0
1798 647 1799 23 12 971 1800	12 971 122 1801 23 24	1
29 19 933 741 1732 120 23 52	29 19 550 19 1732 120 23 58 1718	0
478 1101 1802 243 25 1466	134 1803 478 1101 508 707	0
508 509 230 507	189 1366 1804 933 802	0
540 358 47 541 542 232 230 175 1805 612	546 358 47 541 336 50 45 48 19 1170 1306	0
1806 19 81 1613 767 23 39 9	1807 8 9 1808	0
12 1809 43 533	818 819 29 12 243 322 1810 39 9 276	1
1016 459 8 9 318 1811 19 307 591	1016 459 8 9 1378 969 12	0
12 347 1812 345 161 300 16	12 217 14 172 6 345 522 161 300 16	1
243 502 5 6 1813 29 592 19 126 106 12	29 277 1814 243 502 162 949 1815	1
436 437 140 370 23 12 115 115	12 19 1003 23	0
1553 62 12 43	29 13 62 12 889 16	0
4 6 1816 711 290 33	29 106 67 5 6 197 2 19 290 33	0
12 13 74 75	8 9 79 355 334 62 12	0
29 19 1195 574 243 618	39 9 505 92 23 29 19 1195	0
672 126 19 672 126 19	672 126 19	1
10 1817 1818	10 1819 785 162 59	0
106 360 1600 454 456 1820	106 1600 454 456 11	0
12 32 58 180	416 19 47 971 335 58 180	0
12 8 9 217 10 599 600 76	421 39 9 12 10 1414	1
32 44 168 19 168 29 44	168 29 43	1
29 272 12 161 1017 19 467 12 253 63 734 11	12 272 29 161 1017 19 467 29 253 63 734 11	0
12 592 23 1322 1821 1822 1822	202 19 1822 1209 114 253 23 29	0
249 293 294 42 19 1223 1411	87 5 295 1823 23 43 41 42	0
29 161 12 435 11 16	1475 435 11 16	0
297 127 453 498	127 453 1706 10 52	1
161 365 366	839 79 208 355 202 161	0
984 29 23 1824 142 447 12 19	984 29 485 12	1
29 60 1825 366	29 447 462 11 12 8 9 313	0
1826 8 9 629	882 1826 16	0
1827 379 1828 126 16	341 462 1828 753	0
12 1475 459 8 9 62 107	12 62 107 39 9	1
73 169 1192 73	536 11 16 415 683	0
169 718 12 347 629 43	79 12 19	0
140 632 8 9 997	1829 23 657 1830 19 66	0
431 571 947 1831 948	912 202 629 1832	0
229 159 50	229 159 50 481 941 481	0
29 255 1833	29 10 106 447 11	0
29 10 254 854	147 121 19 1834 19 23 43	0
280 1835 226 226	226 226 226 226 226	0
34 416 1836 1837	12 13 14 1838	0
106 67 5 6 290 33	72 1839 291 1840 290 33	0
1841 19 1842	449 671 1174 495	0
1843 19 1696	12 32 230 300 120 121 16	0
12 518 163 1844 1845 1846 126 9	12 518 163 1847 162 1846 126 16	1
249 19 250 251 126 252	1848 250 249 532	0
161 2 300 32 43 1269 19	72 29 161 39 9 19 669 665	0
29 317 1534 304 12 734 1154	29 317 1534 1055 12	1
246 247 23 90 120 1560 90	1849 1272 23 1795	0
28 751 217 192 522 11	28 751 277 217 1227 11	1
12 101 102 1850 16	101 102 1850 16	1
282 283 283 282 23 39 9 433 434 519 1851 19	282 283 283 282 1225	0
222 93 903 264 58 1852	1853 1854 903 264 58 169 433	0
29 243 168 1002 295 1110 1855	29 243 168 1856 1855	1
263 10 394 28 217 1857 12 11	1857 12 11 66	1
1858 601 11 8 9 313	29 251 601 8 9 313	0
453 13 447 279 59 16 29 19 451 1299 449 1017 11	1859 19 451 453 431 432 447 24	1
1006 1092 29 5 130 126 16	13 10 13 1092 29 350	1
12 12 1860 14 1861 29	32 80 32 1588 29	1
12 13 72 29 5	1553 72 12 5	0
29 217 106 429 12 1352	29 106 429 12 536 535	1
288 979 552 553 920 1862 598 10 1227	550 288 736 379 194	0
29 10 72 12 168	10 72 12 168 13 202 19	0
12 1326 29	29 217 1325 459 12 1863	0
12 459 304 575 575 72 29	29 459 272 12 575 575	1
168 11 1124 470	29 485 168 1124 470	0
12 1864 62 39 9	29 62 12 873	0
12 126 73	12 126 66 12 126 1698	0
12 431 432 1865 5 227 16	12 13 348 940 59 1022 1559 5 227 16	1
478 228 1866	1867 1592 1867	0
335 159 46 1188 1868	158 782 47 1188 406 233	0
1496 1869 11	142 302 126 1870 66	1
1283 170 312 44 253 794	1283 170 1871	0
12 72 350 550 1872 1873	196 1874 332 333 280 281 806 185	0
526 1875 1876	29 459 67 205 230 54	0
12 19 169 1661 1877 1878 12 1032 522	29 23 12 19 169 1661 1877	0
282 283 283 282 1829 1327 308 1164 398 1619 1299 1649	426 1327 1619 317 1648 1593 1879 398	0
29 10 317 68	12 13 14 1880 29 68 11	0
80 106 173 29	771 102 217 457 106 173 29 16	1
12 444 62 169 282 370 175 59	1397 947 23 39 9 622	0
246 247 1881 1882 32 1883 80 32	341 462 457 1760 66	0
12 317 1596 601	12 23 601 11 16	0
1884 161 43 66 12	1885 1886 114 276 12	1
1177 1887 19 1888 92 1347	1889 1890 1473 173 16	0
1331 189 212	899 965 19 1891	0
12 309 106 29 76	106 29 5 130 753 75	0
1892 312 16	1893 312 12 317 16	1
8 9 344 1894 243 56 57 462 19 1213 333	532 1894 118 338 1895 192 1896 415 1213 333 56 57 462	0
29 459 757 1223 583	34 1897 16	1
12 253 32 25 141	28 12 317 39 9	0
12 800 1898	12 1899 72 29 1898	1
12 72 29 99 276	12 72 29 68 70 794 16	1
1378 969 12 43 212 213	12 1900 65 62 43	0
169 718 133 134 1901 1731 317	133 134 1902 1275 158 783 1903	0
29 19 426 1904 1522 194 11	29 19 140 370 1905 1904 1522 169 11	0
169 1192 342 11 16	683 29 459 342 518 11	0
28 12 217 1906 1907 276	28 12 82 1475 1906 1907 366	1
335 782 228 230 707 58 1908	1909 58 1910 267	0
140 370 232 230 8 9 457 919 11	426 1188 1231 422 457 106 459 19 935	0
692 508 707 202 692	8 9 692	0
421 39 9 10 360 29 5 394 314 1911 76	1912 29 161 300	0
1365 478 1619 917 918 1365 540 783	1903 782 23 1100 917 918 47 546 159	0
800 227 729 130	12 347 729 130 11	0
29 161 12 1864 309 106 29	29 161 12 309 106 29	1
80 39 9 106 161 19	10 106 243 161 43 11	1
431 23 12 457	12 394 522 80 32	0
29 134 1059 11	29 19 1059 803 11	0
260 213 1913 550	260 213 1913	0
243 12 451 574 1914 32 6 29 66	243 29 451 574 1914 1915 12 66	0
172 69 100 19	1006 3 172 5 69 70	0
1310 1311 13 536 1916 16	1310 1311 13 536 1917 16	0
243 74 75 76 12 588	107 108 243 74 75 19	0
148 87 5 810 52 53 247	787 90 227	0
29 161 11 10 485 135 5 822	29 10 485 821	1
193 243 1918 1188 276	1918 1188	1
83 19 448 1919 23 39 9 344 19	193 243 43 1920	1
421 39 9 426 133 1536 230 300 11	421 39 9 133 10 11 230 300 11 140 370	1
12 82 1475 698 23 122 761 1921 114	12 698 122 761 1922 76	1
1851 1923 1227 29 1006 12 1352	192 522 29 1006 12 1352	1
1811 19 1038 591 243 5 394 276	29 108 243 914 276	0
15 991 1924	331 285 991 379 465 253 513	1
882 1925 213 34 67	12 518 163 1926 126 10 126 67	0
643 644 1431 10 1927 1648 1593 453 13 453 1645 16	1928 1649 19 1431 453 13 1019 16	0
68 5 69 1929 1704 122 102	68 69 1930 508 519 1931	0
12 1932 1933 1934	12 1932 1933 1934 533	1
1935 837 19 208 209 23 39 9	87 971 79 208 355 8 9 1640	0
1936 1937	1379 173 1936	0
12 1363 12 1800 11 16	12 122 1801 76	1
12 13 304 29 19 552 553 1732 120 627 29 16	29 884 11 415 12 1899 72 29 116 888 1732 120 831	0
12 23 270 271 42 16	139 140 42 272 1792	0
726 1938 736 1381 979 515 1236 1939 29 19 35 35 1940	726 247 798 736 1381 1941 1942	0
8 9 80 32	8 9 80 32 11	0
29 1943 12 1304	12 243 29 451 813 23 1304	1
593 12 926	561 561 12 592 126 451 533	0
169 718 83 1944 366	1851 1945 23 39 9 565 114	0
297 246 247 23 10 23 459 977	246 247 5 239 243 130 949 467 29 32 227 1946	0
360 12 1431	176 29 725 5 130 1947 19 169 258	0
12 592 849 1948 19 1949	12 592 1259 538 431 447	0
29 10 447 12 72 1801 1950	29 202 431 13 447 1017 12 12 453 10 682	0
481 1135 941 1507 903 264 1951	221 87 96 93 89 52 53 1852	0
1310 1311 13 536 1952 1953 16	1310 1311 13 536 214 1954 945 16	0
481 1366 134 1089 120	1955 134 1089 120 121	0
29 453 243 1956 19 433 476 23 1957	29 453 243 106 1512 221 95 812	1
29 23 12 1331 5	29 23 5 760	0
12 296 6 122 299 114	12 296 6 122 1958 1397	1
1959 10 708 921 1960 59 120 121	230 300 1032 1057 329 330 708 1032 1961 267	0
477 478 226 240 416 334 571	477 478 226 1962 334 122	0
477 481 226 1963	477 481 226 1964	0
72 29 4 5 6 174 300 290 33	1965 19 290 33	0
12 233 698 348 29 1966 328	1967 12 1968 922	1
116 1403 118 72 319	176 29 1178 1403 118	0
1969 1970 1971 5 130 12 940	217 251 1972 850	0
28 12 32 52 485 29	12 32 52 447 29	1
685 1973 23 43 785 548	1966 328 19 302 1613 767 23 39 9	0
29 19 426 232 230 1974 1975 11	29 19 426 232 230 1974 788 11	1
34 12	12 253 431 432 1153	0
3 499 12 485 29	3 499 29 524 525 12	0
1491 997 965 47 159 48 540 45 46 46	965 47 159 48 540 45 46 46 673 1286 370 1274	0
1976 1038 134 451 16	29 518 163 251 836	0
12 536 44 11	1006 647 25 574 32 536 19	0
29 243 883 433 476	29 453 754 33	0
83 84 19 59 85 52 11	1977 19 59 421 39 9 85 52 11	0
28 80 981	28 217 80 39 9 122 33 448 366	1
107 19 471 114 275 592 451 300 122 1978 1979 126 10 126	29 108 275 592 451 300 122 1978 1979 126 10 126	0
12 32 80 32 119	243 119 813 133 134 29 19 590 448	0
1649 190 191 624 625	176 29 1648 1593 1980	0
1981 12 453 32 24 317 655 29 884	263 533 217 23 12 655 29 882 248 19	1
55 46 47 48 49 283 55 282 1759 370 1868	55 46 47 48 481 283 45 48 19 1759 370 406 233 829 830	0
1982 471 19 345	1983 1984 19 422 334	0
12 2 5 422 72 29 67	12 72 29 2 5 422	1
1985 1986 1851 1264 431 432 824 16 267	1985 1794 50 335 45 1259 539 1929 1987 32 16 1988	0
12 106 348 29 67 39 9	29 43 253 106 67	0
1928 1989 11	10 461 11 877 878	1
996 360 43 41 42 1286	151 19 1990 1286 41 42 23 43	0
12 161 300 592 1991	12 202 922	0
1992 903 264 58 1993	1280 272 1993 19 1126 227 155 178 503 1994 1995	0
29 1996 62 43 65	29 1003 19 65 62 39 9	1
909 13 536 1997 16	1310 1311 13 536 1998 998 945 16	0
1124 566 1999 2000 23 52 53	189 2001 903 264 58 59 959 1125	0
127 344 647 794 10 794 66	347 127 344 647 16	1
29 451 574 10 2002	10 2002 29 451 574	1
142 302 1629 66	300 161 142 302 1629 66	1
348 521 5 394 2003 2004 914 2005	2005 394 522 126 16	1
426 1188 2006 52 1405	2007 232 52 1405 230	0
1645 522 29 108 253 905 533	521 253 80 1430	1
252 12 202 11	28 12 202 366	1
426 148 599 379 2008 1085 19 2009 32 875	140 370 626 2010 202 725 773 522	0
29 635 594 135 1770 635 66	29 126 524 525 2011 66	0
12 72 29 19 2012 23 39 9	242 12 1272 130 19 1163 317 1559 2013 247 12 62 29 2014 2015 2016	0
28 12 1642 29 275 753 2017 588	12 453 1642 29 275 254 16	0
444 2018 317 161 105 300	906 2019 431 432 629 39 9 945	0
1277 45 46 46 47 48 1872 2020 916 1701 444	1275 45 46 46 47 48 744 1276 243 25 349 267	0
249 19 247 248 251 126 252	249 2021 247 248 532	0
882 565 800 571	882 565 800 571 2022 107 217	0
28 128 23 263 19	28 128 1699	0
282 283 283 282 142 285 2023 140 370 83 8 9 344	282 283 283 282 19 2024	0
29 19 426 309 2025	426 309 989 1038 916	1
550 2026 251 126	29 2027 2028 1017 24	0
1928 1750 11 457 79 11	988 79 253 80 32	0
249 90 295 1795 366	90 295 2029 23 2030 1124	0
29 2031 12 11	12 10 499 11	1
573 432 161 1619 347 304 12 925 76	431 432 304 12 925 16	1
1259 546 1277 48 539 229 2032 2033	849 540 1275 282 2034 964 625 885	0
421 39 9 536 11	247 247 536 23 421 39 9	0
326 19 2035 1352	29 200 1352 11 252	0
29 19 2036 76	29 2036 243 618 76	1
297 29 536 2037 2038 12 2039 2040	1068 2041 1299 29 536 29 80 11 453 32 2042 2043 12 536	0
13 10 13 1012 29 12 2 19 603	12 2 44 533	1
309 2044 412 335 50 1259 2045 336 641 13 140 370	408 235 1759 370 32 80 32 2046 2047 641 13 267	0
126 19 29 877 878 101 102 11 28 29 31 11	29 31 11 467	0
133 134 146 146 72 29 19 2048 1820	72 29 12 19 145 145 120	0
2049 2050 19	698 23 277 126	0
12 1352 11 276	29 106 536 535	0
29 2051 23 485 462 12 11 276	29 512 524 525 462 12 11	1
217 23 10 215 106 263 12 161	10 818 819 12	1
55 782 283 781 623 229 920 921	45 226 226 50 781 623 229 920 921 398	0
87 971 41 42 1174 495	133 134 2052 116 718 1124 1174	0
126 147 121 23 58	12 19 1575 1555 23 52 53	0
12 126 357 358 357 48	357 358 357 48 13 1153	0
444 29 32 454 455 456 12 2053 80 32	32 59 80 32 66	0
28 12 217 1760 106 29 16	169 214 12 106 10 106 29 66	0
2054 415 1006 647 220 354 426 1188 422 334 8 9 220 354 66	426 2055 230 332 333 334 8 9 220 354	0
329 330 220 354 358 282 964 226 49 19 2056 804	335 226 226 336 329 330 353 229 48 229 2057 2058	0
453 80 263 2059 16 12 83	12 83 453 2060 16	1
3 522 5 6 2 300 3 522 5 6 424	3 522 5 6 2 300	1
1035 1036 90 2023 907 19 552 553 831	48 50 50 48 1274 120 551 2061 2062 194	0
1640 1722	169 718 133 134 170 1473	1
29 23 1373 1374 274 2063	29 23 454 882 274 470 882	1
791 2064	3 161 2065 753	1
246 247 1881 536 535	1858 1352	0
2066 2067 146 146	2068 146 146 380	0